#,First name,Last name,Full name,Language,Gender
1,Aaron,Gonzales,Aaron Gonzales,English (United States),Male
2,Amari,Rivera,Amari Rivera,English (United States),Female
3,Abigail,Jackson,Abigail Jackson,English (United States),Female
4,Hazel,Rodriguez,Hazel Rodriguez,English (United States),Female
5,Adrian,King,Adrian King,English (United States),Female
6,Andre,Lawson,Andre Lawson,English (United States),Male
7,Dakota,Sanchez,Dakota Sanchez,English (United States),Male
8,Ashley,Schroeder,Ashley Schroeder,English (United States),Female
9,Anthony,Ivanov,Anthony Ivanov,English (United States),Male
10,Anne,Patel,Anne Patel,English (United States),Female
11,Avery,Howard,Avery Howard,English (United States),Female
12,Briana,Hernandez,Briana Hernandez,English (United States),Female
13,Benjamin,Stuart,Benjamin Stuart,English (United States),Male
14,Caleb,Miller,Caleb Miller,English (United States),Male
15,Casey,Jensen,Casey Jensen,English (United States),Male
16,Cora,Thomas,Cora Thomas,English (United States),Female
17,Devon,Torres,Devon Torres,English (United States),Male
18,Dylan,Williams,Dylan Williams,English (United States),Male
19,Eric,Solomon,Eric Solomon,English (United States),Male
20,Eugenia,Lopez,Eugenia Lopez,English (United States),Female
21,Ellis,Turner,Ellis Turner,English (United States),Female
22,Felix,Henderson,Felix Henderson,English (United States),Male
23,Gabriel,Diaz,Gabriel Diaz,English (United States),Male
24,Hailey,Clark,Hailey Clark,English (United States),Female
25,Hayden,Cook,Hayden Cook,English (United States),Female
26,Lisa,Taylor,Lisa Taylor,English (United States),Female
27,Hannah,Jarvis,Hannah Jarvis,English (United States),Female
28,Isabel,Garcia,Isabel Garcia,English (United States),Female
29,Jamie,Evans,Jamie Evans,English (United States),Female
30,Jacob,Hancock,Jacob Hancock,English (United States),Male
31,Henry,Ross,Henry Ross,English (United States),Male
32,Jessie,Irwin,Jessie Irwin,English (United States),Male
33,Juan,Morgan,Juan Morgan,English (United States),Male
34,Jordan,Mitchell,Jordan Mitchell,English (United States),Male
35,Joseph,Price,Joseph Price,English (United States),Male
36,Kiana,Anderson,Kiana Anderson,English (United States),Female
37,Kayla,Lewis,Kayla Lewis,English (United States),Female
38,Madison,Kim,Madison Kim,English (United States),Female
39,Logan,Edwards,Logan Edwards,English (United States),Male
40,Markus,Long,Markus Long,English (United States),Male
41,Mateo,Gomez,Mateo Gomez,English (United States),Male
42,Maya,Robinson,Maya Robinson,English (United States),Female
43,Michael,Peltier,Michael Peltier,English (United States),Male
44,Monica,Thompson,Monica Thomson,English (United States),Female
45,Nathan,Rigby,Nathan Rigby,English (United States),Male
46,Natasha,Jones,Natasha Jones,English (United States),Female
47,Olivia,Wilson,Olivia Wilson,English (United States),Female
48,Omar,Bennett,Omar Bennett,English (United States),Male
49,Malik,Barden,Malik Barden,English (United States),Male
50,Nicole,Wagner,Nicole Wagner,English (United States),Female
51,Oscar,Ward,Oscar Ward,English (United States),Male
52,Parker,McLean,Parker McLean,English (United States),Male
53,Quincy,Brooks,Quincy Brooks,English (United States),Male
54,Preston,Morales,Preston Morales,English (United States),Male
55,Reed,Smith,Reed Smith,English (United States),Male
56,Quinn,Campbell,Quinn Campbell,English (United States),Female
57,Remy,Morris,Remy Morris,English (United States),Female
58,Riley,Ramirez,Riley Ramirez,English (United States),Male
59,Renata,Hall,Renata Hall,English (United States),Female
60,Rory,Nguyen,Rory Nguyen,English (United States),Male
61,Rowan,Murphy,Rowan Murphy,English (United States),Male
62,Shawn,Hughes,Shawn Hughes,English (United States),Male
63,Jayden,Phillips,Jayden Phillips,English (United States),Female
64,Mikaela,Lee,Mikaela Lee,English (United States),Female
65,Tomas,Richardson,Tomas Richardson,English (United States),Male
66,Tyler,Stein,Tyler Stein,English (United States),Male
67,Violet,Martinez,Violet Martinez,English (United States),Female
68,Victoria,Burke,Victoria Burke,English (United States),Female
69,Sam,Cantrell,Sam Centrell,English (United States),Female
70,Liam,Davis,Liam Davis,English (United States),Male
71,Wesley,Brooks,Wesley Brooks,English (United States),Male
