#,First name,Last name,Full name,Language,Gender,First name (native),Last name (native),Full name (native)
1,Aaron,Gonzales,Aaron Gonzales,English (United States),Male,Aaron,Gonzales,Aaron Gonzales
2,Adrian,King,Adrian King,English (United States),Gender neutral,Adrian,King,Adrian King
3,Amari,Rivera,Amari Rivera,English (United States),Gender neutral,Amari,Rivera,Amari Rivera
4,Abigail,Jackson,Abigail Jackson,English (United States),Female,Abigail,Jackson,Abigail Jackson
5,Hazel,Rodriguez,Hazel Rodriguez,English (United States),Female,Hazel,Rodriguez,Hazel Rodriguez
6,Anne,Patel,Anne Patel,English (United States),Female,Anne,Patel,Anne Patel
7,Andre,Lawson,Andre Lawson,English (United States),Male,Andre,Lawson,Andre Lawson
8,Avery,Howard,Avery Howard,English (United States),Gender neutral,Avery,Howard,Avery Howard
9,Ashley,Schroeder,Ashley Schroeder,English (United States),Female,Ashley,Schroeder,Ashley Schroeder
10,Anthony,Ivanov,Anthony Ivanov,English (United States),Male,Anthony,Ivanov,Anthony Ivanov
11,Dakota,Sanchez,Dakota Sanchez,English (United States),Gender neutral,Dakota,Sanchez,Dakota Sanchez
12,Briana,Hernandez,Briana Hernandez,English (United States),Female,Briana,Hernandez,Briana Hernandez
13,Benjamin,Stuart,Benjamin Stuart,English (United States),Male,Benjamin,Stuart,Benjamin Stuart
14,Caleb,Miller,Caleb Miller,English (United States),Male,Caleb,Miller,Caleb Miller
15,Casey,Jensen,Casey Jensen,English (United States),Gender neutral,Casey,Jensen,Casey Jensen
16,Cora,Thomas,Cora Thomas,English (United States),Female,Cora,Thomas,Cora Thomas
17,Devon,Torres,Devon Torres,English (United States),Gender neutral,Devon,Torres,Devon Torres
18,Dylan,Williams,Dylan Williams,English (United States),Gender neutral,Dylan,Williams,Dylan Williams
19,Eric,Solomon,Eric Solomon,English (United States),Male,Eric,Solomon,Eric Solomon
20,Ellis,Turner,Ellis Turner,English (United States),Gender neutral,Ellis,Turner,Ellis Turner
21,Gabriel,Diaz,Gabriel Diaz,English (United States),Male,Gabriel,Diaz,Gabriel Diaz
22,Eugenia,Lopez,Eugenia Lopez,English (United States),Female,Eugenia,Lopez,Eugenia Lopez
23,Felix,Henderson,Felix Henderson,English (United States),Male,Felix,Henderson,Felix Henderson
24,Lisa,Taylor,Lisa Taylor,English (United States),Female,Lisa,Taylor,Lisa Taylor
25,Hailey,Clark,Hailey Clark,English (United States),Female,Hailey,Clark,Hailey Clark
26,Hayden,Cook,Hayden Cook,English (United States),Gender neutral,Hayden,Cook,Hayden Cook
27,Hannah,Jarvis,Hannah Jarvis,English (United States),Female,Hannah,Jarvis,Hannah Jarvis
28,Isabel,Garcia,Isabel Garcia,English (United States),Female,Isabel,Garcia,Isabel Garcia
29,Jessie,Irwin,Jessie Irwin,English (United States),Gender neutral,Jessie,Irwin,Jessie Irwin
30,Jacob,Hancock,Jacob Hancock,English (United States),Male,Jacob,Hancock,Jacob Hancock
31,Jordan,Mitchell,Jordan Mitchell,English (United States),Gender neutral,Jordan,Mitchell,Jordan Mitchell
32,Henry,Ross,Henry Ross,English (United States),Male,Henry,Ross,Henry Ross
33,Jamie,Evans,Jamie Evans,English (United States),Gender neutral,Jamie,Evans,Jamie Evans
34,Joseph,Price,Joseph Price,English (United States),Male,Joseph,Price,Joseph Price
35,Juan,Morgan,Juan Morgan,English (United States),Male,Juan,Morgan,Juan Morgan
36,Kayla,Lewis,Kayla Lewis,English (United States),Female,Kayla,Lewis,Kayla Lewis
37,Logan,Edwards,Logan Edwards,English (United States),Gender neutral,Logan,Edwards,Logan Edwards
38,Madison,Kim,Madison Kim,English (United States),Female,Madison,Kim,Madison Kim
39,Malik,Barden,Malik Barden,English (United States),Male,Malik,Barden,Malik Barden
40,Mateo,Gomez,Mateo Gomez,English (United States),Male,Mateo,Gomez,Mateo Gomez
41,Markus,Long,Markus Long,English (United States),Male,Markus,Long,Markus Long
42,Maya,Robinson,Maya Robinson,English (United States),Female,Maya,Robinson,Maya Robinson
43,Kiana,Anderson,Kiana Anderson,English (United States),Female,Kiana,Anderson,Kiana Anderson
44,Michael,Peltier,Michael Peltier,English (United States),Male,Michael,Peltier,Michael Peltier
45,Monica,Thompson,Monica Thomson,English (United States),Female,Monica,Thompson,Monica Thomson
46,Mikaela,Lee,Mikaela Lee,English (United States),Female,Mikaela,Lee,Mikaela Lee
47,Nathan,Rigby,Nathan Rigby,English (United States),Male,Nathan,Rigby,Nathan Rigby
48,Nicole,Wagner,Nicole Wagner,English (United States),Female,Nicole,Wagner,Nicole Wagner
49,Natasha,Jones,Natasha Jones,English (United States),Female,Natasha,Jones,Natasha Jones
50,Olivia,Wilson,Olivia Wilson,English (United States),Female,Olivia,Wilson,Olivia Wilson
51,Omar,Bennett,Omar Bennett,English (United States),Male,Omar,Bennett,Omar Bennett
52,Quincy,Brooks,Quincy Brooks,English (United States),Male,Quincy,Brooks,Quincy Brooks
53,Oscar,Ward,Oscar Ward,English (United States),Male,Oscar,Ward,Oscar Ward
54,Parker,McLean,Parker McLean,English (United States),Gender neutral,Parker,McLean,Parker McLean
55,Quinn,Campbell,Quinn Campbell,English (United States),Gender neutral,Quinn,Campbell,Quin Campbell
56,Preston,Morales,Preston Morales,English (United States),Male,Preston,Morales,Preston Morales
57,Remy,Morris,Remy Morris,English (United States),Gender neutral,Remy,Morris,Remy Morris
58,Reed,Smith,Reed Smith,English (United States),Gender neutral,Reed,Smith,Reed Smith
59,Renata,Hall,Renata Hall,English (United States),Female,Renata,Hall,Renata Hall
60,Riley,Ramirez,Riley Ramirez,English (United States),Gender neutral,Riley,Ramirez,Riley Ramirez
61,Rowan,Murphy,Rowan Murphy,English (United States),Gender neutral,Rowan,Murphy,Rowan Murphy
62,Rory,Nguyen,Rory Nguyen,English (United States),Gender neutral,Rory,Nguyen,Rory Nguyen
63,Shawn,Hughes,Shawn Hughes,English (United States),Male,Shawn,Hughes,Shawn Hughes
64,Sam,Cantrell,Sam Centrell,English (United States),Gender neutral,Sam,Cantrell,Sam Centrell
65,Jayden,Phillips,Jayden Phillips,English (United States),Gender neutral,Jayden,Phillips,Jayden Phillips
66,Tomas,Richardson,Tomas Richardson,English (United States),Male,Tomas,Richardson,Tomas Richardson
67,Victoria,Burke,Victoria Burke,English (United States),Female,Victoria,Burke,Victoria Burke
68,Violet,Martinez,Violet Martinez,English (United States),Female,Violet,Martinez,Violet Martinez
69,Wesley,Brooks,Wesley Brooks,English (United States),Male,Wesley,Brooks,Wesley Brooks
70,Tyler,Stein,Tyler Stein,English (United States),Gender neutral,Tyler,Stein,Tyler Stein
71,Liam,Davis,Liam Davis,English (United States),Male,Liam,Davis,Liam Davis
