#,First name,Last name,Full name,Language,Gender,First name (native),Last name (native),Full name (native)
1,Alain,Charon,Alain Charon,French (France),Male,Alain,Charon,Alain Charon
2,Claude,Aupry,Claude Aupry,French (France),Male,Claude,Aupry,Claude Aupry
3,Alain,Lacombe,Alain Lacombe,French (France),Male,Alain,Lacombe,Alain Lacombe
4,Annette,Flamand,Annette Flamand,French (France),Female,Annette,Flamand,Annette Flamand
5,Ariane,Panetier,Ariane Panetier,French (France),Female,Ariane,Panetier,Ariane Panetier
6,Bernadette,Sylvain,Bernadette Sylvain,French (France),Female,Bernadette,Sylvain,Bernadette Sylvain
7,Christian,Lacombe,Christian Lacombe,French (France),Male,Christian,Lacombe,Christian Lacombe
8,Albert,Dubois,Albert Dubois,French (France),Male,Albert,Dubois,Albert Dubois
9,Charlie,Guibord,Charlie Guibord,French (France),Gender neutral,Charlie,Guibord,Charlie Guibord
10,Camille,Brunelle,Camille Brunelle,French (France),Female,Camille,Brunelle,Camille Brunelle
11,David,Paulet,David Paulet,French (France),Male,David,Paulet,David Paulet
12,Camille,Brunelle,Camille Brunelle,French (France),Gender neutral,Camille,Brunelle,Camille Brunelle
13,Bernadette,Leblanc,Bernadette Leblanc,French (France),Female,Bernadette,Leblanc,Bernadette Leblanc
14,Aline,Dupuy,Aline Dupuy,French (France),Female,Aline,Dupuy,Aline Dupuy
15,Alexis,Bourgeois,Alexis Bourgeois,French (France),Gender neutral,Alexis,Bourgeois,Alexis Bourgeois
16,Denise,Lebatelier,Denise Lebatelier,French (France),Female,Denise,Lebatelier,Denise Lebatelier
17,Claude,Beaulieu,Claude Beaulieu,French (France),Gender neutral,Claude,Beaulieu,Claude Beaulieu
18,Charline,Leblanc,Charline Leblanc,French (France),Female,Charline,Leblanc,Charline Leblanc
19,Alain,Davignon,Alain Davignon,French (France),Male,Alain,Davignon,Alain Davignon
20,Alexandre,Chauvin,Alexandre Chauvin,French (France),Male,Alexandre,Chauvin,Alexandre Chauvin
21,Denise,Bourgeois,Denise Bourgeois,French (France),Female,Denise,Bourgeois,Denise Bourgeois
22,Romain Petit,Petit,Romain Petit,French (France),Male,Romain,Petit,Romain Petit
23,Andree,Rocher,Andree Rocher,French (France),Female,Andrée,Rocher,Andrée Rocher
24,Coralie,Monjeau,Coralie Monjeau,French (France),Female,Coralie,Monjeau,Coralie Monjeau
25,Christian,Cartier,Christian Cartier,French (France),Male,Christian,Cartier,Christian Cartier
26,Coralie,Duperre,Coralie Duperre,French (France),Female,Coralie,Duperre,Coralie Duperre
27,Danielle,Brasseur,Danielle Brasseur,French (France),Female,Danielle,Brasseur,Danielle Brasseur
28,Camille,Cartier,Camille Cartier,French (France),Female,Camille,Cartier,Camille Cartier
29,Andrea,Chauvin,Andrea Chauvin,French (France),Gender neutral,Andrea,Chauvin,Andrea Chauvin
30,Dominique,Dutertre,Dominique Dutertre,French (France),Gender neutral,Dominique,Dutertre,Dominique Dutertre
31,Rene,Pelletier,Rene Pelletier,French (France),Male,René,Pelletier,René Pelletier
32,Jerome,Rivard,Jerome Rivard,French (France),Male,Jérôme,Rivard,Jérôme Rivard
33,Nicoletta,Guibord,Nicoletta Guibord,French (France),Female,Nicoletta,Guibord,Nicoletta Guibord
34,Blaise,Richer,Blaise Richer,French (France),Male,Blaise,Richer,Blaise Richer
35,Christophe,Beaulieu,Christophe Beaulieu,French (France),Male,Christophe,Beaulieu,Christophe Beaulieu
36,Coralie,Hetu,Coralie Hetu,French (France),Female,Coralie,Hétu,Coralie Hétu
37,Gilbert,Bonsaint,Gilbert Bonsaint,French (France),Male,Gilbert,Bonsaint,Gilbert Bonsaint
38,Ariane,Meyer,Ariane Meyer,French (France),Female,Ariane,Meyer,Ariane Meyer
39,Madeleine,Brunelle,Madeleine Brunelle,French (France),Female,Madeleine,Brunelle,Madeleine Brunelle
40,Liane,Cormier,Liane Cormier,French (France),Female,Liane,Cormier,Liane Cormier
41,David,Beaulieu,David Beaulieu,French (France),Male,David,Beaulieu,David Beaulieu
42,Noel,Belisle,Noel Belisle,French (France),Male,Noël,Bélisle,Noël Bélisle
43,Marcel,Paulet,Marcel Paulet,French (France),Male,Marcel,Paulet,Marcel Paulet
44,Claude,Paulet,Claude Paulet,French (France),Gender neutral,Claude,Paulet,Claude Paulet
45,Gilbert,Lacroix,Gilbert Lacroix,French (France),Male,Gilbert,Lacroix,Gilbert Lacroix
46,Sacha,Belisle,Sacha Belisle,French (France),Gender neutral,Sacha,Belisle,Sacha Belisle
47,Josephine,Hebert,Josephine Hebert,French (France),Female,Joséphine,Hébert,Joséphine Hébert
48,Marie,Berthelette,Marie Berthelette,French (France),Female,Marie,Berthelette,Marie Berthelette
49,Henri,Marquis,Henri Marquis,French (France),Male,Henri,Marquis,Henri Marquis
50,Dominique,Monjeau,Dominique Monjeau,French (France),Gender neutral,Dominique,Monjeau,Dominique Monjeau
51,Jacqueline,Grondin,Jacqueline Grondin,French (France),Female,Jacqueline,Grondin,Jacqueline Grondin
52,Philippe,Chauvin,Philippe Chauvin,French (France),Male,Philippe,Chauvin,Philippe Chauvin
53,Maureen,Labrecque,Maureen Labrecque,French (France),Female,Maureen,Labrecque,Maureen Labrecque
54,Maurice,Boule,Maurice Boule,French (France),Male,Maurice,Boule,Maurice Boule
55,Elisabeth,Arcouet,Élisabeth Arcouet,French (France),Female,Élisabeth,Arcouet,Élisabeth Arcouet
56,Thomas,Margand,Thomas Margand,French (France),Male,Thomas,Margand,Thomas Margand
57,Fabrice,Richer,Fabrice Richer,French (France),Male,Fabrice,Richer,Fabrice Richer
58,Theodore,Lamy,Theodore Lamy,French (France),Male,Théodore,Lamy,Théodore Lamy
59,Isabelle,Deniger,Isabelle Deniger,French (France),Female,Isabelle,Déniger,Isabelle Déniger
60,Gilbert,Coupart,Gilbert Coupart,French (France),Male,Gilbert,Coupart,Gilbert Coupart
61,Genevieve,Arcouet,Genevieve Arcouet,French (France),Female,Geneviève,Arcouet,Geneviève Arcouet
62,Sylvie,Rocher,Sylvie Rocher,French (France),Female,Sylvie,Rocher,Sylvie Rocher
63,Genevieve,Beauchesne,Genevieve Beauchesne,French (France),Female,Geneviève,Beauchesne,Geneviève Beauchesne
64,Marie,Methot,Marie Methot,French (France),Female,Marie,Méthot,Marie Méthot
65,Lacombe,Luc,Luc Lacombe,French (France),Male,Luc,Lacombe,Luc Lacombe
66,Leslie,Pelletier,Leslie Pelletier,French (France),Gender neutral,Leslie,Pelletier,Leslie Pelletier
67,Camille,Nicole,Camille Nicole,French (France),Female,Camille,Nicole,Camille Nicole
68,Jacqueline,Martin,Jacqueline Martin,French (France),Female,Jacqueline,Martin,Jacqueline Martin
69,Alix,Margand,Alix Margand,French (France),Gender neutral,Alix,Margand,Alix Margand
70,Gerard,Belisle,Gerard Belisle,French (France),Male,Gérard,Bélisle,Gérard Bélisle
71,Audrey,Dumoulin,Audrey Dumoulin,French (France),Female,Audrey,Dumoulin,Audrey Dumoulin
72,Heloise,Cartier,Heloise Cartier,French (France),Female,Héloïse,Cartier,Héloïse Cartier
73,Maurice,Paulet,Maurice Paulet,French (France),Male,Maurice,Paulet,Maurice Paulet
