#,First name,Last name,Full name,Language,Gender,First name (native),Last name (native),Full name (native)
1,Bozena,Radova,Bozena Radova,Czech,Female,Božena,Radová,Božena Radová
2,Frantisek,Hanak,Frantisek Hanak,Czech,Male,František,Hanák,František Hanák
3,Alena,Jankova,Alena Jankova,Czech,Female,Alena,Janková,Alena Janková
4,Jan,Macek,Jan Macek,Czech,Male,Jan,Macek,Jan Macek
5,Jarmila,Hrdlickova,Jarmila Hrdlickova,Czech,Female,Jarmila,Hrdličková,Jarmila Hrdličková
6,Marie,Markova,Marie Markova,Czech,Female,Marie,Marková,Marie Marková
7,Ivana,Cervenkova,Ivana Cervenkova,Czech,Female,Ivana,Červenková,Ivana Červenková
8,Ondrej,Kubat,Ondrej Kubat,Czech,Male,Ondřej,Kubát,Ondřej Kubát
9,Hana,Cermakova,Hana Cermakova,Czech,Female,Hana,Čermáková,Hana Čermáková
10,Jana,Blazkova,Jana Blazkova,Czech,Female,Jana,Blažková,Jana Blažková
11,Alex,Krejci,Alex Krejci,Czech,Gender neutral,Alex,Krejčí,Alex Krejčí
12,Marcela,Kubatova,Marcela Kubatova,Czech,Female,Marcela,Kubátová,Marcela Kubátová
13,Filip,Safranek,Filip Safranek,Czech,Male,Filip,Šafránek,Filip Šafránek
14,Matej,Skorepa,Matej Skorepa,Czech,Male,Matěj,Skořepa,Matěj Skořepa
15,Jiri,Polak,Jiri Polak,Czech,Male,Jiří,Polák,Jiří Polák
16,Veronika,Stejskalova,Veronika Stejskalova,Czech,Female,Veronika,Stejskalová,Veronika Stejskalová
17,Vlasta,Divisova,Vlasta Divisova,Czech,Female,Vlasta,Divišová,Vlasta Divišová
18,Jaroslava,Buresova,Jaroslava Buresova,Czech,Female,Jaroslava,Burešová,Jaroslava Burešová
19,Vlastimil,Hybl,Vlastimil Hybl,Czech,Male,Vlastimil,Hýbl,Vlastimil Hýbl
20,Ludmila,Smidova,Ludmila Smidova,Czech,Female,Ludmila,Šmídová,Ludmila Šmídová
21,Zuzana,Polaskova,Zuzana Polaskova,Czech,Female,Zuzana,Polášková,Zuzana Polášková
22,Nikola,Janu,Nikola Janu,Czech,Gender neutral,Nikola,Janů,Nikola Janů
23,Vlasta,Koci,Vlasta Koci,Czech,Gender neutral,Vlasta,Kočí,Vlasta Kočí
24,Vaclav,Holy,Vaclav Holy,Czech,Male,Václav,Holý,Václav Holý
25,Rene,Dolejsi,Rene Dolejsi,Czech,Gender neutral,René,Dolejší,René Dolejší
26,Vera,Kopecka,Vera Kopecka,Czech,Female,Věra,Kopecká,Věra Kopecká
27,Daniela,Hanzlova,Daniela Hanzlova,Czech,Female,Daniela,Hanzlová,Daniela Hanzlová
28,Petr,Konecny,Petr Konecny,Czech,Male,Petr,Konečný,Petr Konečný
29,Antonin,Zelinka,Antonin Zelinka,Czech,Male,Antonín,Zelinka,Antonín Zelinka
30,Karel,Hovorka,Karel Hovorka,Czech,Male,Karel,Hovorka,Karel Hovorka
31,Marta,Havrankova,Marta Havrankova,Czech,Female,Marta,Havránková,Marta Havránková
32,Renata,Fuchsova,Renata Fuchsova,Czech,Female,Renáta,Fuchsová,Renáta Fuchsová
33,Tereza,Horackova,Tereza Horackova,Czech,Female,Tereza,Horáčková,Tereza Horáčková
34,Miroslav,Svoboda,Miroslav Svoboda,Czech,Male,Miroslav,Svoboda,Miroslav Svoboda
35,Anna,Michnova,Anna Michnova,Czech,Female,Anna,Michnová,Anna Michnová
36,Libuse,Prikrylova,Libuse Prikrylova,Czech,Female,Libuše,Přikrylová,Libuše Přikrylová
37,Alena,Valentova,Alena Valentova,Czech,Female,Alena,Valentová,Alena Valentová
38,Milos,Zahradnicek,Milos  Zahradnicek,Czech,Male,Miloš,Zahradníček,Miloš Zahradníček
39,Zdenek,Dvorak,Zdenek Dvorak,Czech,Male,Zdeněk,Dvořák,Zdeněk Dvořák
40,Pavel,Bures,Pavel Bures,Czech,Male,Pavel,Bureš,Pavel Bureš
41,Katerina,Sykorova,Katerina Sykorova,Czech,Female,Kateřina,Sýkorová,Kateřina Sýkorová
42,Michal,Formanek,Michal Formanek,Czech,Male,Michal,Formánek,Michal Formánek
43,Tomas,Kohout,Tomas Kohout,Czech,Male,Tomáš,Kohout,Tomáš Kohout
44,Stanislav,Tomek,Stanislav Tomek,Czech,Male,Stanislav,Tomek,Stanislav Tomek
45,Vladimir,Sima,Vladimir Sima,Czech,Male,Vladimír,Šíma,Vladimír Šíma
46,Miloslav,Sedlar,Miloslav Sedlar,Czech,Male,Miloslav,Sedlář,Miloslav Sedlář
47,Josef,Cizek,Josef Cizek,Czech,Male,Josef,Čížek,Josef Čížek
48,Zdenka,Kozakova,Zdenka Kozakova,Czech,Female,Zdeňka,Kozáková,Zdeňka Kozáková
49,Rudolf,Spousta,Rudolf Spousta,Czech,Male,Rudolf,Spousta,Rudolf Spousta
50,Blanka,Vejvodova,Blanka Vejvodova,Czech,Female,Blanka,Vejvodová,Blanka Vejvodová
51,Lenka,Stastna,Lenka Stastna,Czech,Female,Lenka,Šťastná,Lenka Šťastná
52,Adam,Vacha,Adam Vacha,Czech,Male,Adam,Vácha,Adam Vácha
